{"cameraMode":{"drawMode":0,"name":"Shaded","section":"Shading Mode"},"sceneLighting":true,"audioPlay":false,"sceneViewState":{"m_AlwaysRefresh":false,"showFog":true,"showSkybox":true,"showFlares":true,"showImageEffects":true,"showParticleSystems":true,"showVisualEffectGraphs":true,"m_FxEnabled":true},"in2DMode":false,"pivot":{"x":241.02874755859376,"y":-63.615325927734378,"z":276.672119140625},"rotation":{"x":-0.37151601910591128,"y":-0.35771992802619936,"z":0.15782158076763154,"w":-0.8420844674110413},"size":346.62615966796877,"orthographic":false}